consumption_L,NOx_g,CO_g,HC_g,PM_g,CO2_g
35.648314204799256,141.89838920384642,532.1189595144244,46.116976491250135,3.5474597300961643,3006857.279541495
