consumption_L,NOx_g,CO_g,HC_g,PM_g,CO2_g
32.61509100388491,129.73558421545323,486.5084408079501,42.16406487002235,3.243389605386334,86103.84025025615
