consumption_L,NOx_g,CO_g,HC_g,PM_g,CO2_g
35.64831420481152,141.89838920388706,532.1189595145768,46.11697649126332,3.547459730097179,94111.54950070241
