consumption_L,NOx_g,CO_g,HC_g,PM_g,CO2_g
32.61509100387558,129.73558421541617,486.50844080781076,42.16406487001025,3.243389605385403,86103.84025023154
