consumption,emissions,battery_degradation
476159.3478687965,1256.3102291209716,0.0005587476516086218
