consumption_Wh,emissions_g,battery_degradation_%,total_cost_€
547709.0913650262,1447.3635698796477,0.0006437084505975107,587036.36
