consumption_Wh,emissions_g,battery_degradation_%,total_cost_€
476159.34786894167,1256.3102291213297,0.0005587476516087716,576303.9
